序号,链接,节点数
0,https://gVAZra.mcsslk.xyz/9cc58a1ee01c6606321de3e40cddf02e,0
1,https://gist.githubusercontent.com/peasoft/40b87245630092f30cc98af61190b4e2/raw/,10
2,https://mXFkr1.absslk.xyz/cda765e6bab39b97486a543b43de9029,0
3,https://raw.githubusercontent.com/Alvin9999/pac2/master/clash.meta2/1/config.yaml,1
4,https://raw.githubusercontent.com/Alvin9999/pac2/master/clash.meta2/13/config.yaml,1
5,https://raw.githubusercontent.com/Alvin9999/pac2/master/clash.meta2/15/config.yaml,1
6,https://raw.githubusercontent.com/Alvin9999/pac2/master/clash.meta2/2/config.yaml,1
7,https://raw.githubusercontent.com/Alvin9999/pac2/master/clash.meta2/config.yaml,1
8,https://raw.githubusercontent.com/Huibq/TrojanLinks/master/links/vmess,0
9,https://raw.githubusercontent.com/Misaka-blog/chromego_merge/refs/heads/main/sub/merged_proxies_new.yaml,16
10,https://raw.githubusercontent.com/Surfboardv2ray/TGParse/main/python/hy2,1
11,https://raw.githubusercontent.com/Surfboardv2ray/TGParse/main/python/hysteria2,158
12,https://raw.githubusercontent.com/ripaojiedian/freenode/main/clash,19
13,https://raw.githubusercontent.com/ripaojiedian/freenode/main/sub,19
14,https://raw.githubusercontent.com/zhangkaiitugithub/passcro/main/speednodes.yaml,7

总计,,119
